feature_type,feature_id,distance,matched_gt_id,iou
line,1_4_wm5xyn1d3yy31k_29614,0.4485232646454458,9583661704112660218,
line,1_4_wm5xyn13xzjg81_29614,0.44210259302200194,9583661828666711802,
line,1_4_wm5xyhb69pg8z7_29125,0.6126453296126931,9583663830121471738,
line,1_4_wm5xyh83ffex7w_29307,0.7463161223037308,9583663830121471738,
line,1_4_wm5xyjcr4w5z6t_29602,0.058226699001443706,9583663787171798778,
line,1_4_wm5xyn4pj9x7ec_29942,0.13583009573620156,9583662653300432634,
line,1_4_wm5xyjcmb1jkce_29537,0.27481477925318937,9583663782876831482,
line,1_4_wm5xyn1g7xr9s3_29880,0.0143964169569006,9583662614645726970,
line,1_4_wm5xyn4ph88hmj_29951,0.06328750288160444,9583662644710498042,
line,1_4_wm5xyh87zrd6sy_29257,0.8381820381544282,9583662301113114362,
line,1_4_wm5xyp7cen6z04_28674,0.7315863576210283,9583662232393637626,
line,1_4_wm5xyngtyvp5yb_29145,1.3209681619492337,9583662258163441402,
line,1_4_wm5xyngd43d2t7_29283,1.1162769468669758,9583662258163441402,
line,1_4_wm5xyj8wwpmz8u_29351,0.2334864165609812,9583661059867565818,
line,1_4_wm5xypeb4p4w98_28460,0.5895247037873746,9583662249573506810,
line,1_4_wm5xypgm79yksg_27857,0.9284471762129112,9583661983285534458,
line,1_4_wm5xypetd5xums_28200,0.9717744346974007,9583661974695599866,
line,1_4_wm5xyn1yttk0df_29916,0.47777359576317974,9583663194466311930,
line,1_4_wm5xyn19c7hm6v_29758,0.6505102139067548,9583661820076777210,
line,1_4_wm5xyn6t2m5jxb_29786,0.5524811424070092,9583661918861025018,
line,1_4_wm5xyjcq37pcq8_29577,0.0842641317125819,9583663782876831482,
line,1_4_wm5xyn12tbh93g_29687,0.044275320417758106,9583661824371744506,
line,1_4_wm5xyn12qssjq8_29702,0.23846786156485364,9583661815781809914,
line,1_4_wm5xyjcr530p9p_29620,0.202975650578563,9583663782876831482,
line,1_4_wm5xyn6012k0v9_29931,0.4731479908815293,9583663194466311930,
line,1_4_wm5xyn1ezhc2d3_29864,0.07239283746578595,9583663177286442746,
line,1_4_wm5xypex060c3y_28135,1.3504146066277667,9583661987580501754,
line,1_4_wm5xyn60eq0u32_29930,0.46369888358033884,9583663194466311930,
line,1_4_wm5xypgq41nefk_27804,1.385418244639357,9583661996170436346,
line,1_4_wm5xypg7ubfz4v_27949,0.9279569487620393,9583661983285534458,
line,1_4_wm5xypgr956muy_27694,1.2516100034895106,9583661996170436346,
line,1_4_wm5xyn1zrdbvvd_29926,0.44360398263860806,9583663194466311930,
line,1_4_wm5xyn4n6eyz76_29945,0.06525326599670278,9583662644710498042,
line,1_4_wm5xyjcru1sy8b_29641,0.005266349767550454,9583663787171798778,
line,1_4_wm5xyj2m14pu8x_29272,0.33006361332830453,9583661046982663930,
line,1_4_wm5xyn1vncqc01_29925,0.2358737365268624,9583662644710498042,
line,1_4_wm5xyn4px4xyft_29935,0.25187069255250083,9583662653300432634,
line,1_4_wm5xyndbte212y_29675,0.4335176964249068,9583663963265457914,
line,1_4_wm5xyn6y2vsvzy_29757,0.1248546478813665,9583662842278993658,
line,1_4_wm5xyn6z4dsp9h_29735,0.18981012839848146,9583663967560425210,
line,1_4_wm5xyhbqh2ku3k_29135,1.2017842622012804,9583662288228212474,
line,1_4_wm5xyn1uzvg1cu_29902,0.2027184874817437,9583662653300432634,
line,1_4_wm5xyn4n5rzf10_29932,0.16676529288750397,9583662653300432634,
line,1_4_wm5xypg8sh61j2_28064,0.5911355703064892,9583662253868474106,
line,1_4_wm5xynehqvtbr4_29518,0.6573980447821698,9583663967560425210,
line,1_4_wm5xypgt2d9ft6_27867,1.151782131525269,9583662253868474106,
line,1_4_wm5xypg2xypnwe_28088,0.9293502806082826,9583661970400632570,
line,1_4_wm5xypgmkdc9qu_27875,0.6536404720925478,9583661970400632570,
line,1_4_wm5xypgks33rg6_27899,0.8242563934991232,9583661983285534458,
line,1_4_wm5xypgq54du1s_27818,1.0826716484242322,9583661983285534458,
line,1_4_wm5xypgr9vr6c5_27708,0.8379538967350199,9583661983285534458,
line,1_4_wm5xypgq5gp8tg_27835,0.631297673165048,9583661970400632570,
line,1_4_wm5xyp7xms4y2z_28441,1.2122688898115015,9583661987580501754,
line,1_4_wm5xypgqfe070e_27766,1.143821243048633,9583661983285534458,
line,1_4_wm5xypes53u3k0_28264,0.9873798096789835,9583661974695599866,
line,1_4_wm5xype8utwt8h_28377,1.329128903141607,9583661987580501754,
line,1_4_wm5xypesccvbv2_28222,1.4364965742569058,9583661987580501754,
line,1_4_wm5xypet966b6h_28188,1.5615279928280668,9583661987580501754,
line,1_4_wm5xypex1j7hgm_28138,0.9643731511020551,9583661974695599866,
line,1_4_wm5xypexbw3byc_28111,0.902416064999143,9583661974695599866,
line,1_4_wm5xypew3dxe7v_28170,0.8767207216739589,9583661974695599866,
line,1_4_wm5xyp7xqmjguw_28451,0.8321401793259521,9583661974695599866,
line,1_4_wm5xype8nj0cwp_28424,0.8889200259447797,9583661974695599866,
line,1_4_wm5xype8vtfj3r_28393,1.0459534177953147,9583661974695599866,
line,1_4_wm5xyp5wz8c3sg_28773,0.7205068306434,9583661974695599866,
line,1_4_wm5xyp79puh9e5_28687,0.8169420623467823,9583661974695599866,
line,1_4_wm5xyp7dxy5qft_28625,0.9960562208396864,9583661974695599866,
line,1_4_wm5xyp79zvhcyr_28652,0.8607565416297543,9583661974695599866,
line,1_4_wm5xyn6w4790he_29756,0.4326138424086698,9583661936040894202,
line,1_4_wm5xyp7erxpwz0_28593,1.0452593832423223,9583661974695599866,
line,1_4_wm5xyp7sr84gfc_28563,0.9943891267599829,9583661974695599866,
line,1_4_wm5xyn6tgu6nkr_29781,0.2391088648671007,9583661884501286650,
line,1_4_wm5xyn6wtdqpf2_29752,0.22037881332533638,9583661884501286650,
line,1_4_wm5xyn1yw3w4dz_29931,0.09030069743502012,9583663177286442746,
line,1_4_wm5xyn4pfhk1yh_29952,0.020606010469932618,9583663177286442746,
line,1_4_wm5xyn6khdmtm1_29850,0.3528655579189251,9583661918861025018,
line,1_4_wm5xyn4p0rgte2_29939,0.026673296194456898,9583663177286442746,
line,1_4_wm5xyn6s80ddh0_29841,0.2326627159704681,9583661884501286650,
line,1_4_wm5xyn6kwx8xgc_29816,0.41672843704931334,9583661918861025018,
line,1_4_wm5xyn6t1yjd5p_29816,0.2689841888294939,9583661884501286650,
line,1_4_wm5xyjcrszrdme_29662,0.30748868806462387,9583663782876831482,
line,1_4_wm5xyn1sj7m416_29839,0.5143818733682267,9583663190171344634,
line,1_4_wm5xyj8e0ktd0f_29322,0.20537297651422962,9583661046982663930,
line,1_4_wm5xyj26b01j28_29242,0.6402381682793635,9583661046982663930,
line,1_4_wm5xyj21pwpt3z_29218,0.5029974584615435,9583661051277631226,
line,1_4_wm5xyj21zzeg3k_29235,0.4436263637327975,9583661046982663930,
line,1_4_wm5xyj2782snsg_29250,0.4734685269640338,9583661046982663930,
line,1_4_wm5xyhbkcrw8d0_29120,0.966555736320728,9583663825826504442,
line,1_4_wm5xyhbmc2femc_29120,0.4638114535132452,9583661412054884090,
line,1_4_wm5xyh8qdwwgr1_29187,0.6898083909368519,9583663825826504442,
line,1_4_wm5xyh8r6xd2b8_29172,0.6179591063755691,9583663825826504442,
line,1_4_wm5xyhb3f566xg_29139,0.623394855052135,9583663825826504442,
line,1_4_wm5xyhb69gt34d_29130,0.6549393871200931,9583663825826504442,
line,1_4_wm5xypew2fd4dm_28156,1.3980007918921362,9583661987580501754,
line,1_4_wm5xypg2xhfcun_28076,1.3264761649824932,9583661983285534458,
line,1_4_wm5xypg3mthp1d_28039,1.469102283993393,9583661996170436346,
line,1_4_wm5xypg3qt0utx_28056,1.282193235362014,9583661983285534458,
line,1_4_wm5xypg6jj2srh_28007,1.5749643019594846,9583662009055338234,
line,1_4_wm5xypg6vrthd6_27985,1.0215935632122495,9583661983285534458,
line,1_4_wm5xype9eq95z8_28338,1.3302323502248619,9583662000465403642,
line,1_4_wm5xyped7xjptw_28324,1.1728795248918609,9583661987580501754,
line,1_4_wm5xyj82vh9154_29308,0.2954880456868296,9583661046982663930,
line,1_4_wm5xypee5peyfw_28291,1.2046333771720388,9583661987580501754,
line,1_4_wm5xypes489tpg_28261,1.2174672182258282,9583661987580501754,
line,1_4_wm5xyndctw50ux_29614,0.13841779586040334,9583661978990567162,
line,1_4_wm5xyj8ebv8dbm_29326,0.4262780574561291,9583661059867565818,
line,1_4_wm5xyj0nvg76v5_29185,0.9481901365506201,9583661077047435002,
line,1_4_wm5xyj8sdjk5xz_29327,0.33213190238016493,9583661059867565818,
line,1_4_wm5xyj20myh6db_29227,0.6659928485281369,9583661077047435002,
line,1_4_wm5xyj21yp0hqf_29233,0.9198382501390485,9583661072752467706,
line,1_4_wm5xyj2k2f9ksr_29257,0.3587665508643128,9583661046982663930,
line,1_4_wm5xyhbmb3p8q2_29114,0.331151239374096,9583661394875014906,
line,1_4_wm5xypet2x9pgq_28183,1.5948601884958735,9583662000465403642,
line,1_4_wm5xype9smb93v_28356,0.960401838508731,9583661987580501754,
line,1_4_wm5xypesc0e6b2_28214,1.493590624016142,9583662000465403642,
line,1_4_wm5xypeecwtsk0_28245,1.5592547172468594,9583662000465403642,
line,1_4_wm5xyj87pw159g_29318,0.41092459302588696,9583661059867565818,
line,1_4_wm5xyj8whfehjx_29339,0.30538650027216635,9583661059867565818,
line,1_4_wm5xyn1um53ey0_29914,0.24085825788925985,9583662644710498042,
line,1_4_wm5xyndcppcn50_29649,0.49598966323030114,9583663963265457914,
line,1_4_wm5xyn6ty71756_29782,0.3219603025683804,9583662825099124474,
line,1_4_wm5xyne1bwqn4p_29619,0.4815925880020444,9583663963265457914,
line,1_4_wm5xyp5z6vvkjf_28764,0.6107834111122722,9583662232393637626,
line,1_4_wm5xyp5ydu06sn_28798,0.563944374427871,9583662232393637626,
line,1_4_wm5xyhbqp0tckb_29095,0.36735146698696125,9583662326882918138,
line,1_4_wm5xyn6s7w3vxp_29837,0.19250676205337672,9583662717724942074,
line,1_4_wm5xyn4j9du2jr_29931,0.12746226588826529,9583662653300432634,
line,1_4_wm5xyp5u78jwnk_28908,0.9769128585807327,9583662258163441402,
line,1_4_wm5xypgs91v5fq_27907,0.8824006123894623,9583662253868474106,
line,1_4_wm5xypgdfrfd0z_27980,0.6276916574952147,9583662253868474106,
line,1_5_wm5xypexckwzz9_28127,1.539953504105798,9583661961810697978,
line,1_5_wm5xypg88fz89p_28127,0.30634548105675424,9583661957515730682,
line,1_5_wm5xype9vcu4wf_28412,0.6314646909035332,9583661961810697978,
line,1_5_wm5xype8qv8y7e_28412,0.5769437743018343,9583661961810697978,
line,1_5_wm5xynejqmsdx6_29405,0.16217027615732146,9583661966105665274,
line,1_5_wm5xyp7u0wb4qs_28557,0.46636349974686264,9583661961810697978,
line,1_5_wm5xyp5zbst0bv_28732,0.42173420379332405,9583661961810697978,
line,1_5_wm5xyp7v8p1ds8_28557,0.48916050453995236,9583661961810697978,
line,1_5_wm5xyp7c2b1xup_28732,0.41641288596431814,9583661961810697978,
line,1_5_wm5xynerfzhpb8_29405,0.1086127105740803,9583661966105665274,
line,1_5_wm5xyngsctrq25_29139,0.16172885989507413,9583661966105665274,
line,1_5_wm5xyngw5jd628_29139,0.2833458693517827,9583661961810697978,
line,1_5_wm5xyneq8z9zvg_29405,0.18355258514692951,9583661966105665274,
line,1_5_wm5xyng3kbth55_29405,0.15295795936739398,9583661966105665274,
line,1_5_wm5xyndbefx504_29669,0.6086247943540908,9583661966105665274,
line,1_5_wm5xyn6z29vd6r_29719,0.8189850763967076,9583661901681155834,
line,1_5_wm5xyjcmc1h5nw_29587,0.27168495160501294,9583663778581864186,
line,1_5_wm5xyj8zduh773_29263,0.0006001712705415873,9583661021212860154,
line,1_5_wm5xyj8tjg2j98_29263,0.019510544771738646,9583661021212860154,
line,1_5_wm5xyj8y21u7kg_29263,0.024153114446844617,9583661021212860154,
line,1_5_wm5xyj8eg6ucwp_29263,0.09030268376038537,9583661021212860154,
line,1_5_wm5xyj8d91x8us_29263,0.06391181469860001,9583661021212860154,
line,1_5_wm5xyj83pr93kz_29263,0.0567799380985474,9583661021212860154,
line,1_5_wm5xyj2rvs3yng_29263,0.14718144843413408,9583661021212860154,
line,1_5_wm5xyj2qs5qv24_29263,0.1450236813648571,9583661021212860154,
line,1_5_wm5xyj2m74ukfc_29263,0.22465035313448475,9583661021212860154,
line,1_5_wm5xyj27fhwjhs_29263,0.3875022012495793,9583661021212860154,
line,1_5_wm5xyj269tzvnc_29263,0.3137758764336833,9583661021212860154,
line,1_5_wm5xyj2333rh90_29263,0.2298446967185783,9583661025507827450,
line,1_5_wm5xyj0qc3n6sh_29263,0.30584034618328015,9583661025507827450,
line,1_5_wm5xyj22137ed1_29263,0.3398938529641799,9583661025507827450,
line,1_5_wm5xyj0m3we4y8_29263,0.4324282003637912,9583661429234753274,
line,1_5_wm5xyj07409nhk_29263,0.4793909143481618,9583661429234753274,
line,1_5_wm5xyhb65z0emz_29158,0.36509132409181716,9583663817236569850,
line,1_5_wm5xyh8mkccy7y_29232,0.2113073772255101,9583663817236569850,
line,1_5_wm5xyhb2h5yg18_29232,0.31317895869301776,9583663817236569850,
line,1_5_wm5xyh8d66prbr_29291,0.19061553754891306,9583662339767820026,
line,1_5_wm5xyh89ds3uk1_29291,0.3993726473874766,9583662339767820026,
line,1_5_wm5xyn1gtx3snv_29870,0.7711583444671325,9583663507998924538,
line,1_5_wm5xyjcmku6pzy_29522,0.5719573812168961,9583662618940694266,
line,1_5_wm5xyn4hbdurw9_29870,0.29961352683715703,9583662627530628858,
line,1_5_wm5xyner67j2vm_29383,1.2034006192991729,9583662752084680442,
line,1_5_wm5xyne40qch0w_29642,0.5600901192583104,9583663958970490618,
line,1_5_wm5xyndcjyyzxb_29642,0.5306489923456335,9583663958970490618,
line,1_5_wm5xyng3tb7mp2_29304,0.47105411764392185,9583662206623833850,
line,1_5_wm5xyn19rqbb8r_29770,0.29194667552808085,9583662618940694266,
line,1_5_wm5xyj0jt0gz63_29144,0.8849141262173834,9583663581013368570,
line,1_5_wm5xyj0hthruq8_29144,0.7133667289974923,9583663581013368570,
line,1_5_wm5xyhbpnrfdet_29102,0.9783791130528222,9583663581013368570,
line,1_5_wm5xyhbnqqx5zk_29102,0.9630734183303234,9583663581013368570,
line,1_5_wm5xyhbjydfun0_29102,0.9461829740828348,9583663581013368570,
line,1_5_wm5xyhbjneybke_29102,0.8981145964581198,9583663581013368570,
line,1_5_wm5xyhbhqvgjm7_29102,0.9192881207755838,9583663581013368570,
line,1_5_wm5xyhb5ybpdk2_29102,0.9623744711329008,9583663581013368570,
line,1_5_wm5xyhb4r791w8_29102,0.989586262259286,9583663581013368570,
line,1_5_wm5xyhb5pjs500_29102,1.0077119386589162,9583663581013368570,
line,1_5_wm5xyh8k0d7j4x_29250,2.2190467052114506,9583662021940240122,
line,1_5_wm5xyj01mcn1dm_29117,0.98695793805043,9583663581013368570,
line,1_5_wm5xyh878wsh2u_29250,2.108421343942682,9583662021940240122,
line,1_5_wm5xyh872ewqfy_29250,2.1638504563145218,9583662021940240122,
line,1_5_wm5xyh860cqchk_29250,2.3251544708199106,9583662026235207418,
line,1_5_wm5xyh86bc9uu6_29250,2.2570530348137336,9583662021940240122,
line,1_5_wm5xyh862zurbb_29250,2.3477163623715938,9583662021940240122,
line,1_5_wm5xyh83940uvk_29250,2.265711097304162,9583662026235207418,
line,1_5_wm5xyhbdbg0kkq_29111,0.3077979465411077,9583662339767820026,
line,1_5_wm5xyhbs092eu2_29111,0.27569598288848557,9583662339767820026,
line,1_5_wm5xyp5dvum81n_28920,0.8701512446657323,9583661974695599866,
line,1_5_wm5xyp5tpnb6nk_28829,1.0569350623633393,9583661974695599866,
line,1_5_wm5xyng2gx019e_29310,0.6045414934415534,9583661978990567162,
line,1_5_wm5xyng24qcf66_29339,0.6094907390760057,9583661978990567162,
line,1_5_wm5xyp5es3efun_28863,1.1208959513636836,9583662000465403642,
line,1_5_wm5xyng6mwqher_29252,0.5332976132720691,9583661978990567162,
line,1_5_wm5xyng3swut09_29277,0.5441133990740772,9583661978990567162,
line,1_5_wm5xyng7nwxrt9_29227,0.4854311938054052,9583661978990567162,
line,1_5_wm5xyng7zwvbpg_29195,0.4695927922584107,9583661978990567162,
line,1_5_wm5xyngs8wf7wy_29160,0.5361019698940331,9583661978990567162,
line,1_5_wm5xyngx4bqsjd_29079,0.7617245619413291,9583661974695599866,
line,1_5_wm5xyngxg8uksm_29050,0.8371967449710945,9583661974695599866,
line,1_5_wm5xyp5dj7h3sz_28951,0.9666677471438452,9583661974695599866,
line,1_5_wm5xyp58s32prz_29026,0.9458751717087708,9583661974695599866,
line,1_5_wm5xyn6tgpcx77_29768,0.10526721685190571,9583661893091221242,
line,1_5_wm5xyn6wsvv2e5_29738,0.10720967870942501,9583661893091221242,
line,1_5_wm5xyn6z8t13jz_29699,0.4168055159190431,9583661978990567162,
line,1_5_wm5xyne5f71yc2_29527,0.4005832901461129,9583661978990567162,
line,1_5_wm5xynehecbr9k_29495,0.45286392793621894,9583661978990567162,
line,1_5_wm5xynej54h5xq_29477,1.6606245587343846,9583661991875469050,
line,1_5_wm5xynejm1muwk_29463,0.5459758542154756,9583661978990567162,
line,1_5_wm5xynenn83q89_29433,0.5965947111314186,9583661978990567162,
line,1_5_wm5xyner3pk7ey_29370,0.5011968537831555,9583661978990567162,
line,1_5_wm5xyn1v4z2757_29907,0.050093760933539254,9583663177286442746,
line,1_5_wm5xyn669eyhjs_29904,0.25836806698571646,9583661893091221242,
line,1_5_wm5xyn61mbw73p_29929,0.12906464743718435,9583661893091221242,
line,1_5_wm5xyn61zvctx3_29914,0.14912289291784123,9583661893091221242,
line,1_5_wm5xyn63bd6mjm_29927,0.20527367211833056,9583661884501286650,
line,1_5_wm5xyn666ry5uy_29916,0.19332247788923218,9583661884501286650,
line,1_5_wm5xyn67791t2p_29881,0.2790806036287962,9583661893091221242,
line,1_5_wm5xyn6kxm5000_29825,0.17818086875006153,9583661893091221242,
line,1_5_wm5xyn67vqvuvv_29861,0.20871250711086073,9583661893091221242,
line,1_5_wm5xyjchypmru4_29497,0.06861892651158513,9583663782876831482,
line,1_5_wm5xyjcjxu9kvz_29537,0.18902464727644921,9583663782876831482,
line,1_5_wm5xyn13pwnhbs_29725,0.02334571476302948,9583661820076777210,
line,1_5_wm5xyjcjj6ks17_29488,0.06154406679727235,9583663787171798778,
line,1_5_wm5xyn1u8cu7mn_29891,0.07665444534357525,9583663177286442746,
line,1_5_wm5xyjcjxpb9tu_29520,0.04951202440745558,9583663787171798778,
line,1_5_wm5xyjcjte7xnt_29614,0.40398245516756964,9583663791466766074,
line,1_5_wm5xyjch6es5vd_29614,0.38587438748429054,9583663684092583674,
line,1_5_wm5xyjc52k4784_29614,2.0697779733908597,9583663684092583674,
line,1_5_wm5xyjch1cvj8u_29614,0.40889833234473,9583663684092583674,
line,1_5_wm5xyn1de0quxv_29797,0.09932961053328297,9583661695522725626,
line,1_5_wm5xyjcq2wpx4m_29561,0.11910636751485733,9583663787171798778,
line,1_5_wm5xyn1u8j7320_29877,0.27187840948384195,9583663194466311930,
line,1_5_wm5xyj83wghgeh_29310,0.18519576766158266,9583661034097762042,
line,1_5_wm5xyj8ef3rrb7_29330,0.054976663287930855,9583661034097762042,
line,1_5_wm5xyj8wxvpx1w_29354,0.08696696507995881,9583661034097762042,
line,1_5_wm5xyjbct6c3ne_29393,0.1441253528006234,9583661046982663930,
line,1_5_wm5xyj8z3kxbmn_29362,0.14358855882756344,9583661034097762042,
line,1_5_wm5xyjbfqbgpqf_29401,0.16828148848135652,9583661046982663930,
line,1_5_wm5xyjbfpwu2s6_29408,0.1445234148488113,9583661034097762042,
line,1_5_wm5xyjc4brxeqr_29417,0.029218918669486088,9583661042687696634,
line,1_5_wm5xyj0jrcyndx_29168,0.5601349829035657,9583661412054884090,
line,1_5_wm5xyj060mn7ud_29148,0.7009710400687906,9583661412054884090,
line,1_5_wm5xyj20rtuk1g_29197,0.7548272158522366,9583661051277631226,
line,1_5_wm5xyj0npfdpg7_29173,1.1862113845406572,9583661051277631226,
line,1_5_wm5xyj82vghsmu_29305,0.041906700829213835,9583661034097762042,
line,1_5_wm5xyj028v871f_29127,0.5623659936697563,9583661412054884090,
line,1_5_wm5xyj032s4xty_29136,0.7607873175334614,9583661412054884090,
line,1_5_wm5xyj06bqdhcu_29154,0.6409427601511484,9583661412054884090,
line,1_5_wm5xyj078pszgs_29158,0.7153365135053785,9583661412054884090,
line,1_5_wm5xyh86e86yjk_29289,0.65275004610015,9583663825826504442,
line,1_5_wm5xyh8776qp1j_29263,0.6318652186032048,9583663825826504442,
line,1_5_wm5xyh83duu514_29307,0.8311191209091908,9583663830121471738,
line,1_5_wm5xyh83eyct6w_29320,0.37993357765070596,9583663825826504442,
line,1_5_wm5xypg7gbjr1t_27933,1.3206118686292176,9583661996170436346,
line,1_5_wm5xypgke2d5gp_27898,1.4416045006059566,9583661996170436346,
line,1_5_wm5xyn6t34nw3z_29804,0.03436234040012622,9583661893091221242,
line,1_5_wm5xynehdp7zf2_29467,1.2492842637617905,9583662004760370938,
line,1_5_wm5xynej7w1mbz_29437,1.1420235629731494,9583662004760370938,
line,1_5_wm5xyn60s542c7_29944,0.10266757097691248,9583663177286442746,
line,1_5_wm5xyn67hqkbv3_29899,0.23593339065840924,9583661884501286650,
line,1_5_wm5xyjcr41pppn_29602,0.07659090939600956,9583663787171798778,
line,1_5_wm5xyjbbgspb75_29389,0.020502532480440306,9583661046982663930,
line,1_5_wm5xyjc5dg58db_29451,0.05924717780371005,9583663675502649082,
line,1_5_wm5xyjc5dj3wz3_29439,0.1198722640763069,9583663679797616378,
line,1_5_wm5xyjch7spkth_29464,0.09925762578615023,9583663679797616378,
line,1_5_wm5xyj8wxpwt7b_29354,0.03299830098782295,9583661046982663930,
line,1_5_wm5xyj8z2wt3jy_29364,0.07731664699568896,9583661046982663930,
line,1_5_wm5xyj05xrc7sp_29154,0.7602501909410475,9583661403464949498,
line,1_5_wm5xyj0hx0secm_29160,0.8401352630561566,9583661403464949498,
line,1_5_wm5xyhb313vd7j_29143,0.7214575908278246,9583663830121471738,
line,1_5_wm5xyhb3c715mb_29133,0.6080952198248103,9583663830121471738,
line,1_5_wm5xyhb694eztb_29125,0.7043706183200878,9583663830121471738,
line,1_5_wm5xyj01ru2mfp_29126,0.6684451910928807,9583661403464949498,
line,1_5_wm5xyj04pt5qm5_29137,0.6752984509480829,9583661403464949498,
line,1_5_wm5xyj04zmyddd_29145,0.6992266368980667,9583661403464949498,
line,1_5_wm5xyh8q9yj5pz_29177,0.6216320847785639,9583663830121471738,
line,1_5_wm5xyh8r3xz6qg_29164,0.684148733774672,9583663830121471738,
line,1_5_wm5xyhb239fgvw_29148,0.6261753970278471,9583663830121471738,
line,1_5_wm5xyh2x45e7mj_29401,0.6882998383334561,9583662322587950842,
line,1_5_wm5xyn1ejnu9nn_29833,0.13017517243787521,9583661691227758330,
line,1_5_wm5xyh2x1hvhxz_29408,0.7400349879012365,9583662309703048954,
line,1_5_wm5xyh2xbju482_29377,1.1714744273541777,9583662296818147066,
line,1_5_wm5xyh8d293w7z_29298,0.645324838443805,9583662313998016250,
line,1_5_wm5xyn1vusuw96_29918,0.06346338038891187,9583663177286442746,
line,1_5_wm5xyh888ysp6q_29351,0.6210966844669372,9583662313998016250,
line,1_5_wm5xyh8e06t08b_29267,0.583326479047903,9583662313998016250,
line,1_5_wm5xyh893xs9ee_29318,0.5854266112458446,9583662326882918138,
line,1_5_wm5xyh8ebhpv50_29248,0.6044188371123416,9583662313998016250,
line,1_5_wm5xyh8s8j54ex_29229,0.5811348157471565,9583662313998016250,
line,1_5_wm5xyh8s9j8xn7_29223,0.5006244265544657,9583662326882918138,
line,1_5_wm5xyh8mryn7er_29213,0.5622227374952576,9583662313998016250,
line,1_5_wm5xyh8t2y5xtv_29206,0.5500690202862731,9583662326882918138,
line,1_5_wm5xyh8rp8hsmw_29179,0.5879783548187753,9583662313998016250,
line,1_5_wm5xyhb7wxnzwg_29116,0.5458307127468944,9583662313998016250,
line,1_5_wm5xyj8xxpqfgx_29362,0.4046083199363835,9583661072752467706,
line,1_5_wm5xyjbcsmjvfb_29388,0.3610752122510405,9583661059867565818,
line,1_5_wm5xyjbfq58xdm_29389,0.3752837573803829,9583661059867565818,
line,1_5_wm5xyj0m5gkqkb_29168,1.0351801594171006,9583662301113114362,
line,1_5_wm5xyhbkqx108j_29117,0.7030226045181829,9583662313998016250,
line,1_5_wm5xyhbmq2hu1k_29118,0.5882913375856754,9583662313998016250,
line,1_5_wm5xyhbqn1rhtd_29112,0.617355959653923,9583662313998016250,
line,1_5_wm5xyhbqy40xz4_29113,0.7758841564116339,9583662313998016250,
line,1_5_wm5xyhbrtghkj9_29112,0.6526523658291015,9583662313998016250,
line,1_5_wm5xyj02msxd0r_29116,0.6046243447278673,9583662313998016250,
line,1_5_wm5xyj03jtft6c_29122,0.6327159339471058,9583662313998016250,
line,1_5_wm5xyj06trf6eq_29133,0.4826784618216857,9583662313998016250,
line,1_5_wm5xyj07t0vhbd_29150,0.5334375500449834,9583662313998016250,
line,1_5_wm5xyj22hx0uxh_29194,0.7193242417935922,9583662313998016250,
line,1_5_wm5xyj0musjtd8_29170,0.6919886831901746,9583662313998016250,
line,1_5_wm5xyj0qssfw3d_29177,0.7591775389694461,9583662313998016250,
line,1_5_wm5xyj22uxfmd3_29201,0.7203322977559369,9583662313998016250,
line,1_5_wm5xyj27q1dzcu_29192,0.5645809550381921,9583662326882918138,
line,1_5_wm5xyj27m47bpg_29210,0.8447832879093964,9583662313998016250,
line,1_5_wm5xyj2kjdbmhm_29208,0.7468280784634418,9583662313998016250,
line,1_5_wm5xyj2kn3ytfz_29202,0.4989009088573024,9583662326882918138,
line,1_5_wm5xyj2ky50h3m_29211,0.5897854691428146,9583662313998016250,
line,1_5_wm5xyj2mws46md_29220,0.6066311741677689,9583662313998016250,
line,1_5_wm5xyj8xjge48n_29347,0.7039405988487987,9583661072752467706,
line,1_5_wm5xyj8wv4w6p0_29347,0.9498538222914269,9583661072752467706,
line,1_5_wm5xyj2qrk255u_29233,0.5134117540700973,9583662313998016250,
line,1_5_wm5xyj2x0h2ndw_29245,0.6411230950095156,9583662318292983546,
line,1_5_wm5xyj2xbuex73_29255,0.45594929903022713,9583663916020817658,
line,1_5_wm5xyj2xcffh9e_29233,0.14531152897303143,9583663924610752250,
line,1_5_wm5xyj88df354b_29254,0.14209371825094677,9583663924610752250,
line,1_5_wm5xyj889uex08_29267,0.35440785657246465,9583663916020817658,
line,1_5_wm5xyj897f684g_29262,0.1855277243220261,9583663924610752250,
line,1_5_wm5xyj896us9ks_29277,0.31412493654685064,9583663916020817658,
line,1_5_wm5xyj8dhh3mm8_29282,0.12334375942875025,9583663916020817658,
line,1_5_wm5xyj8dy142s0_29285,0.1848663661811082,9583663928905719546,
line,1_5_wm5xyj8dumgn5t_29308,0.38858803824902943,9583663911725850362,
line,1_5_wm5xyj8dv5qpvq_29297,0.09387566902493498,9583663916020817658,
line,1_5_wm5xyj8ex2gvzg_29295,0.27252090534351336,9583663950380556026,
line,1_5_wm5xyj8ew7jb9u_29307,0.16009549930866718,9583663946085588730,
line,1_5_wm5xyj8ett6v5u_29320,0.45910721848359204,9583663941790621434,
line,1_5_wm5xyj24z1w6wh_29245,0.6143610879521205,9583661059867565818,
line,1_5_wm5xyj8squu6ku_29320,0.4589989043612337,9583663941790621434,
line,1_5_wm5xyj8vcdyvp9_29336,0.3618193489212677,9583663941790621434,
line,1_5_wm5xyj8srdwf93_29317,0.284056005941091,9583663946085588730,
line,1_5_wm5xyj8v072md6_29327,0.36492790665448216,9583663941790621434,
line,1_5_wm5xyj8ye1kspd_29348,0.3429617738503787,9583663941790621434,
line,1_5_wm5xyj8vdrzvxf_29332,0.15066124475119075,9583663946085588730,
line,1_5_wm5xyj8zk8ve82_29352,0.3551743463651442,9583663941790621434,
line,1_5_wm5xyj8zypq6wv_29361,0.2725031534126271,9583663941790621434,
line,1_5_wm5xyjbbxwpbcj_29370,0.32684780312179895,9583663941790621434,
line,1_5_wm5xyjc160961j_29367,0.06664636644423387,9583662610350759674,
line,1_5_wm5xyjc13k9ge3_29376,0.31842109319748274,9583662601760825082,
line,1_5_wm5xyjc44fg95d_29386,0.3591393463758976,9583662601760825082,
line,1_5_wm5xyjc4u3rz3c_29408,0.35811651099933894,9583662601760825082,
line,1_5_wm5xyjc5qpgsd3_29436,0.4145659917234212,9583662601760825082,
line,1_5_wm5xyjchptx9g6_29463,0.2962384548210246,9583662601760825082,
line,1_5_wm5xyjckc7usx5_29500,0.38980741141241415,9583662601760825082,
line,1_5_wm5xyjcx8k1rqc_29662,0.32898801268502703,9583662601760825082,
line,1_5_wm5xyn1gshj9f2_29880,0.19168821503610559,9583662614645726970,
line,1_5_wm5xyjcme4s2k5_29543,0.3652304260607559,9583662601760825082,
line,1_5_wm5xyjcqkb6hmk_29583,0.352475652005525,9583662601760825082,
line,1_5_wm5xyjcqyw0csf_29623,0.29342283820737164,9583662601760825082,
line,1_5_wm5xyn18644ejz_29700,0.27564609365413,9583662601760825082,
line,1_5_wm5xyn18uskety_29732,0.08762895395348676,9583662610350759674,
line,1_5_wm5xyn19ttz1dd_29789,0.2186412516549349,9583662601760825082,
line,1_5_wm5xyn18gzduz3_29751,0.28736891717392915,9583662601760825082,
line,1_5_wm5xyn1dre37er_29822,0.7657225669379956,9583662606055792378,
line,1_5_wm5xyn1gejzn6t_29877,0.1392820792238753,9583662606055792378,
line,1_5_wm5xyn1g12snb7_29850,0.17189842177404624,9583662606055792378,
line,1_5_wm5xyn4j8zj3g1_29933,0.04245183970239782,9583662644710498042,
line,1_5_wm5xyn4nvk9pnu_29942,0.07166370732725046,9583662653300432634,
line,1_5_wm5xyn4pwrr3s5_29951,0.07944675299939359,9583662644710498042,
line,1_5_wm5xyn4phu7r2c_29951,0.03812897556891739,9583662644710498042,
line,1_5_wm5xyn4numcn1t_29951,0.016595640949161543,9583662644710498042,
line,1_5_wm5xyn637rug4d_29925,0.09725511131751514,9583660982558154490,
line,1_5_wm5xyn629cvyq7_29913,0.18619835570505514,9583660999738023674,
line,1_5_wm5xyn63tj0dq0_29913,0.36716086717774,9583660999738023674,
line,1_5_wm5xyn6tj6g7q8_29800,0.01974482640469376,9583662717724942074,
line,1_5_wm5xyn6tz1p303_29775,0.3226431709339192,9583662837984026362,
line,1_5_wm5xyp7cg5upq1_28674,0.5205882638847557,9583662232393637626,
line,1_5_wm5xynge2my1yb_29231,0.9724579451561687,9583662206623833850,
line,1_5_wm5xypg8d71qj0_28091,1.0683718393549444,9583662228098670330,
line,1_5_wm5xypge34v0g5_27962,1.1371104750177219,9583662240983572218,
line,1_5_wm5xyh87z659mx_29257,0.8228331355060394,9583662301113114362,
line,1_5_wm5xyh87pd070j_29277,0.8361754462283537,9583662301113114362,
line,1_5_wm5xyh8kxjy3by_29236,0.8180240072830024,9583662301113114362,
line,1_5_wm5xyh8mrn99fm_29217,0.8023470139367609,9583662301113114362,
line,1_5_wm5xyh8qnyuzef_29200,0.797476676410586,9583662301113114362,
line,1_5_wm5xyh8rn8puz4_29186,0.8058735528335746,9583662301113114362,
line,1_5_wm5xyh8ry954y6_29170,0.7889545729968602,9583662301113114362,
line,1_5_wm5xyhb3q7c9d3_29147,0.7996751594794747,9583662301113114362,
line,1_5_wm5xyhb6njhbcw_29138,0.7558077660096004,9583662301113114362,
line,1_5_wm5xyhb2w6whsn_29158,0.8097283424080506,9583662301113114362,
line,1_5_wm5xyhb6vyx2um_29129,0.7977397381049197,9583662301113114362,
line,1_5_wm5xyhb7tz6931_29125,0.8077386625820978,9583662301113114362,
line,1_5_wm5xyhbqv4m17q_29117,0.8226338504657079,9583662301113114362,
line,1_5_wm5xyhbrt520qu_29120,0.8180181574775393,9583662301113114362,
line,1_5_wm5xyj02ku5qvu_29126,0.7775023755242002,9583662301113114362,
line,1_5_wm5xyj03htqrhd_29129,0.761289313585105,9583662301113114362,
line,1_5_wm5xyj03uwbb21_29131,0.8271420466379008,9583662301113114362,
line,1_5_wm5xyj06srs73q_29144,0.8284671460201736,9583662301113114362,
line,1_5_wm5xyj0rkw1ev0_29183,0.6593104910676842,9583662313998016250,
line,1_5_wm5xyj07s0zgh8_29154,0.8445998704172096,9583662301113114362,
line,1_5_wm5xyj23u9r52m_29195,0.595011772436499,9583662313998016250,
line,1_5_wm5xyj0mgu2sw5_29177,0.9376998438318903,9583662301113114362,
line,1_5_wm5xyj0kk1fs9h_29158,0.8892678157273427,9583662301113114362,
line,1_5_wm5xyj2xbn8ets_29267,0.6257380127062254,9583663911725850362,
line,1_5_wm5xyn6eds2e7r_29845,0.3633118940310562,9583662704840040186,
line,1_5_wm5xyn1f0rvrey_29808,0.5996147707090503,9583662614645726970,
line,1_5_wm5xyn6sk6meyn_29823,0.3547527753945518,9583662709135007482,
line,1_5_wm5xyn6sypttn3_29808,0.19092336770605445,9583662709135007482,
line,1_5_wm5xyn6txvr6ws_29780,0.37846929692899006,9583662850868928250,
line,1_5_wm5xyn6z52pez0_29736,0.020264791081507073,9583663971855392506,
line,1_5_wm5xyn6y3drjcj_29758,0.08172041194374141,9583662855163895546,
line,1_5_wm5xyndbquzyg9_29688,0.27733390915787187,9583663971855392506,
line,1_5_wm5xyne10ej0e5_29667,0.3742150821749109,9583663971855392506,
line,1_5_wm5xyne1ckx24v_29626,0.616417742896201,9583663967560425210,
line,1_5_wm5xyneqdctpfc_29420,0.5468754596507474,9583662756379647738,
line,1_5_wm5xyngwp0g2v2_29145,1.2667752570899944,9583662258163441402,
line,1_5_wm5xyngd4w1zqu_29283,0.9930961407534834,9583662258163441402,
line,1_5_wm5xynerk1h1cm_29400,0.7207147817121329,9583662760674615034,
line,1_5_wm5xynerhyzyej_29404,0.9324258209144919,9583662769264549626,
line,1_5_wm5xynerypp4n0_29366,0.911741311928077,9583662245278539514,
line,1_5_wm5xyng2j2drvx_29364,0.910337482458654,9583662232393637626,
line,1_5_wm5xyng2xqexy4_29341,0.985553441575297,9583662245278539514,
line,1_5_wm5xyng3x8eqyd_29313,0.9444861667823371,9583662232393637626,
line,1_5_wm5xyng92qxwf4_29317,0.9017391770382474,9583662245278539514,
line,1_5_wm5xynge19q8q9_29257,1.0581581200370829,9583662232393637626,
line,1_5_wm5xyngse9ebf2_29195,0.8316624149755029,9583662232393637626,
line,1_5_wm5xyngdfx7hu1_29260,1.047374937662716,9583662245278539514,
line,1_5_wm5xyngtk6x62q_29170,1.0874447744807592,9583662232393637626,
line,1_5_wm5xyngtm2fegb_29176,1.2436031810826922,9583662245278539514,
line,1_5_wm5xyngwj6c0e4_29136,0.8452171059361206,9583662232393637626,
line,1_5_wm5xyngwy535qc_29110,0.7914193271788518,9583662232393637626,
line,1_5_wm5xyngxxes8nk_29085,1.1761962415740765,9583662245278539514,
line,1_5_wm5xyngwyfh6qc_29123,1.3574223057248964,9583662245278539514,
line,1_5_wm5xyp5b272zf7_29052,1.0981870720472613,9583662245278539514,
line,1_5_wm5xyngxwu04s7_29082,0.6873607908796568,9583662232393637626,
line,1_5_wm5xyp58rksk71_29051,0.6516708814779327,9583662232393637626,
line,1_5_wm5xyp59pvxe2g_29027,0.7561000123809746,9583662232393637626,
line,1_5_wm5xyp5c0udmgw_29033,1.3490674252839077,9583662245278539514,
line,1_5_wm5xyp7u4twrnt_28602,1.1343343688309284,9583662232393637626,
line,1_5_wm5xyp7g6gev85_28637,1.0805522173393571,9583662232393637626,
line,1_5_wm5xyp7ufw076e_28579,1.0671566195926034,9583662236688604922,
line,1_5_wm5xyp5ccqj9mb_28998,1.209217453062568,9583662245278539514,
line,1_5_wm5xyp5cbwcnez_28993,1.0564726330528231,9583662232393637626,
line,1_5_wm5xyp5f9yevq3_28970,1.3109473608181705,9583662245278539514,
line,1_5_wm5xyp5gd2186j_28942,1.3303070058435293,9583662245278539514,
line,1_5_wm5xyp5u69xqvy_28901,1.0016943083270868,9583662245278539514,
line,1_5_wm5xyp5vg77fc4_28845,0.9094121378364536,9583662245278539514,
line,1_5_wm5xyp5v54g429_28873,0.8935680235596615,9583662245278539514,
line,1_5_wm5xyp5yesujky_28814,0.6153144048478644,9583662245278539514,
line,1_5_wm5xyp5z7y00ms_28783,0.7261478841561259,9583662245278539514,
line,1_5_wm5xyp7b5z436q_28748,0.9263579702133006,9583662245278539514,
line,1_5_wm5xyp7c5bsszh_28717,0.9196384162932439,9583662245278539514,
line,1_5_wm5xyp7cgcmqk3_28688,0.7998850639124676,9583662245278539514,
line,1_5_wm5xyp7fefuzvh_28657,0.7394079254319634,9583662245278539514,
line,1_5_wm5xyp7g7u2tf0_28638,1.0763938870608314,9583662245278539514,
line,1_5_wm5xyp7ugqvhfv_28588,0.8629898027372903,9583662249573506810,
line,1_5_wm5xyp7u5tgbmp_28607,0.9492838132961606,9583662245278539514,
line,1_5_wm5xyp7y611gd0_28375,0.7292247835040865,9583662236688604922,
line,1_5_wm5xypeg0p6nsj_28302,0.7029636091735497,9583662249573506810,
line,1_5_wm5xypesp2rgf4_28264,0.6734596148757318,9583662249573506810,
line,1_5_wm5xyp7vepvry3_28557,0.7034058879077129,9583662249573506810,
line,1_5_wm5xype9zzy0kv_28375,0.8245843978774211,9583662236688604922,
line,1_5_wm5xyp7z6db8wt_28495,0.7546515206813017,9583662249573506810,
line,1_5_wm5xypeb41m55y_28460,0.6740787932800569,9583662249573506810,
line,1_5_wm5xypeu02zn3d_28256,0.24947698892882442,9583662262458408698,
line,1_5_wm5xypetw3fsf7_28193,0.7022470368616301,9583662253868474106,
line,1_5_wm5xypgrwv1vxn_27730,1.7187340306173127,9583662253868474106,
line,1_5_wm5xypgd4zgnkx_28012,0.722023306655521,9583662253868474106,
line,1_5_wm5xyh889z6p3b_29343,0.4748019951454756,9583662326882918138,
line,1_5_wm5xyh8e167f3u_29254,0.4377122781115114,9583662326882918138,
line,1_5_wm5xyh8echqscd_29239,0.3618827261211182,9583662326882918138,
line,1_5_wm5xyj0qestvw7_29181,0.9742723334061735,9583662301113114362,
line,1_5_wm5xyj0r7w7gex_29188,1.0705195434172883,9583662301113114362,
line,1_5_wm5xyj26sfk17x_29202,0.7370265137538577,9583662313998016250,
line,1_5_wm5xyp5f9p2vcv_28960,0.9221231726636246,9583662232393637626,
line,1_5_wm5xyp5v44vmts_28868,1.053507289175083,9583662232393637626,
line,1_5_wm5xypesybt9uc_28230,0.6867186691825117,9583662253868474106,
line,1_5_wm5xyj8wysc0uv_29351,0.1712535446553085,9583661059867565818,
line,1_5_wm5xyh8mchmr76_29179,0.7100530815484499,9583663834416439034,
line,1_5_wm5xypgrvu1dbn_27686,1.169844038797729,9583662240983572218,
line,6_2_wm5xyp7v2k9qb0_28522,0.23260026710848028,9547631893481414394,
line,6_2_wm5xyp5dqxsjj5_28805,0.5756223168465558,9547631893481414394,
line,6_2_wm5xyp5tpfx8qn_28805,0.4196701266515727,9547631893481414394,
line,6_2_wm5xyp7y0052my_28522,0.12777650048262013,9547631893481414394,
line,6_2_wm5xyp5epn9v40_28805,0.5627963049468635,9547631893481414394,
line,6_2_wm5xyp5ez7sdg6_28805,0.59994179321402,9547631893481414394,
line,6_2_wm5xyp7ub7nd9q_28522,0.2550926316720499,9547631893481414394,
line,6_2_wm5xyp5srwy6uj_28805,0.584551341762264,9547631893481414394,
line,6_2_wm5xyp7bbyy4nz_28805,0.038364439663491914,9547631893481414394,
line,6_2_wm5xyp7fbug84z_28805,0.14317180974743196,9547631893481414394,
line,6_2_wm5xyp7cbbvvuf_28805,0.18081208634156595,9547631893481414394,
line,6_2_wm5xyp5z0dk0z9_28805,0.12342552471001772,9547631893481414394,
line,6_2_wm5xynge8rybsb_29195,0.011676662970505555,9547631897776381690,
line,6_2_wm5xyngs35xmr6_29195,0.04661629989042462,9547631897776381690,
line,6_2_wm5xyngt1bncu8_29195,0.051884917757536515,9547631897776381690,
line,6_2_wm5xyjcjptq3zr_29514,0.17445228560688805,9547632438942260986,
line,6_2_wm5xyjchw745f3_29514,0.08915487966486522,9547632438942260986,
line,6_2_wm5xyj8sksu02m_29338,0.19148229900277558,9547631605718605562,
line,6_2_wm5xyj8tjbftqk_29338,0.27362489353884384,9547631605718605562,
line,6_2_wm5xyj8epqg3p5_29247,0.2283956319313647,9547632421762391802,
line,6_2_wm5xyj8eg90qyh_29338,0.18861772832672966,9547631605718605562,
line,6_2_wm5xyj89vjxe1n_29247,0.2038816420467547,9547632421762391802,
line,6_2_wm5xyj8dw717p1_29247,0.15944619623508446,9547632421762391802,
line,6_2_wm5xyj89h1mx64_29247,0.7827633828134367,9547632421762391802,
line,6_2_wm5xyjcmkdx593_29692,0.1915133956447297,9547632056690171642,
line,6_2_wm5xyj2x645u68_29247,1.0260835238107815,9547632421762391802,
line,6_2_wm5xyj884g6t85_29247,0.15585853018984003,9547632421762391802,
line,6_2_wm5xyn4ntudzvp_29917,0.38901377731829845,9547632073870040826,
line,6_2_wm5xyjcqxc9j9h_29692,0.1725535257817937,9547632056690171642,
line,6_2_wm5xyn4jd8yfy9_29917,0.3911475327483238,9547632073870040826,
line,6_2_wm5xyn19nwj6rd_29692,1.087379990749872,9547632056690171642,
line,6_2_wm5xyn4prdmy20_29917,0.2274412508622176,9547632073870040826,
line,6_2_wm5xyn4rck9p3q_29917,0.5640035620604901,9547632073870040826,
line,6_2_wm5xyng2uy7z7v_29358,0.4769310992394198,9547631962200891130,
line,6_2_wm5xyng256pyxm_29358,1.1141318264560454,9547631962200891130,
line,6_2_wm5xyner67ehhj_29358,0.44199272371689097,9547632103934811898,
line,6_2_wm5xyng3tynfth_29358,0.49904984999967206,9547631962200891130,
line,6_2_wm5xyneq9jevyz_29358,0.623937361859744,9547632099639844602,
line,6_2_wm5xyjc1732kq0_29368,0.07018308096218996,9547632056690171642,
line,6_2_wm5xyjc1uectcq_29368,0.017757948991024182,9547632056690171642,
line,6_2_wm5xyhb4r5h1f7_29114,0.24967431621426353,9547632340158013178,
line,6_2_wm5xyhb0zqs2xt_29114,2.1938173633461937,9547631631488409338,
line,6_2_wm5xyhb1x5zyhm_29114,0.3124878789243916,9547632340158013178,
line,6_2_wm5xyhb0pxbd8f_29114,0.297289577943399,9547631631488409338,
polygon,2_1_wm5xyn1ufmmm6d_29902,0.18332012239350237,9619689075202481914,0.48897671097058903
polygon,2_1_wm5xyn1v186xek_29886,0.27366032503107807,9619689062317580026,0.3480118271570611
polygon,2_1_wm5xyn606uwwtv_29936,0.39586741688860444,9619689135332024058,0.30436381959380054
polygon,2_1_wm5xyn1v0uuwxm_29877,0.4780667380393458,9619689070907514618,0.26007221321638685
polygon,2_1_wm5xyn60d0wwkp_29925,0.6643065167085582,9619689126742089466,0.1420989741899116
polygon,2_1_wm5xyn6kj0cvqe_29855,0.36517512909636746,9619689040842743546,0.27521126111116306
polygon,2_1_wm5xyn67vve7u1_29870,0.0036976481557634555,9619689049432678138,0.4902689008055347
polygon,2_1_wm5xyn12qrungf_29700,0.048309150776343124,9619689809641889530,0.5669724760099404
polygon,2_1_wm5xyjchk55jxg_29468,0.15099070084983263,9619689831116726010,0.48861636550784
polygon,2_1_wm5xyn12tddpxk_29683,0.35644461445319403,9619689818231824122,0.31711567328212326
polygon,2_1_wm5xyn6khk9t3b_29848,0.5857879541589258,9619689053727645434,0.15310712126096127
polygon,2_1_wm5xyh8d8p3684_29283,0.6017868221803279,9619689998620450554,0.1765931937369274
polygon,2_1_wm5xyh8d8yvfnc_29274,0.507961005569956,9619690015800319738,0.21348358628530564
polygon,2_1_wm5xyh8d9yhvu6_29258,0.33126786470605984,9619690011505352442,0.28471366440338663
polygon,2_1_wm5xyjch7mfs5x_29461,0.26114077252898066,9619689822526791418,0.38614429959574126
polygon,2_1_wm5xyn12sy2guu_29663,0.5786738446183105,9619689792462020346,0.18882378570251054
polygon,2_1_wm5xyjchd997mr_29445,0.5212192588947997,9619689848296595194,0.2537675685582995
polygon,2_1_wm5xyjchpq0cy3_29469,0.30163304833808247,9619690041570123514,0.28330533196761526
polygon,2_1_wm5xyjc1gpyh1k_29382,0.07304177415515711,9619690024390254330,0.4029373209853296
polygon,2_1_wm5xyjc44776sg_29392,0.6111744315290379,9619690028685221626,0.13218868218971339
polygon,2_1_wm5xyjck0544f7_29457,0.09710317985271122,9619690050160058106,0.4066701755232879
polygon,2_1_wm5xyjc7bze702_29441,0.1078384876181736,9619690037275156218,0.3785339912651292
polygon,2_1_wm5xyjcx3qky92_29644,0.021475351275153876,9619690054455025402,0.4845990485888477
polygon,2_1_wm5xyjcrxu95qr_29666,0.4449461585495157,9619690063044959994,0.1909544668760598
polygon,2_1_wm5xyn1uz54x51_29908,0.19472117531019062,9619690080224829178,0.4191379047513295
polygon,2_1_wm5xyjcx89se52_29654,0.014852793197641212,9619690058749992698,0.46015665954584756
polygon,2_1_wm5xyn66r28qm0_29889,0.46216954008099564,9619689337195486970,0.2415203646762388
polygon,2_1_wm5xyn1uxy217s_29893,0.3727450086980012,9619690075929861882,0.22189697874544034
polygon,2_1_wm5xyn66t84vj5_29918,0.252897876487598,9619690355102736122,0.33883436183829024
polygon,2_1_wm5xyn1uypq5cc_29930,0.19348259009679314,9619690084519796474,0.36631539941222274
polygon,2_1_wm5xyn66qkx1bf_29901,0.13211535319399859,9619689332900519674,0.4831055784483167
polygon,2_1_wm5xyn6e99wvnd_29860,0.12192640317915104,9619690247728553722,0.4466187364686796
polygon,2_1_wm5xyn6e6w191z_29845,0.557558609401378,9619689766692216570,0.19354353303025087
polygon,2_1_wm5xyne1bb2de6_29629,0.30445811854969196,9619689539058949882,0.2774881754822627
polygon,2_1_wm5xyn6e8vc4hc_29879,0.2976047787818681,9619689762397249274,0.3634944932823367
polygon,2_1_wm5xyh86xp7kqe_29295,0.990726809725786,9619690002915417850,0.0
polygon,2_1_wm5xyjc1ggynsk_29374,0.1104220862230666,9619690020095287034,0.33930829456543876
polygon,2_1_wm5xyp7u5hjutj_28602,2.6717820822691323,9619689547648884474,0.0
